[{"model": "comments.category", "pk": 1, "fields": {"created_on": "2020-02-10T11:51:13.207Z", "modified_on": "2020-02-17T15:17:32.576Z", "name": "Correspondance", "colour": 12}}, {"model": "comments.category", "pk": 2, "fields": {"created_on": "2020-02-10T11:51:19.290Z", "modified_on": "2020-02-17T15:17:27.628Z", "name": "Budget", "colour": 6}}, {"model": "comments.category", "pk": 3, "fields": {"created_on": "2020-02-10T11:51:24.703Z", "modified_on": "2020-02-17T15:17:56.154Z", "name": "Evaluation", "colour": 14}}, {"model": "comments.category", "pk": 4, "fields": {"created_on": "2020-02-10T11:51:29.046Z", "modified_on": "2020-02-17T15:17:51.239Z", "name": "Eligibility", "colour": 9}}, {"model": "comments.category", "pk": 5, "fields": {"created_on": "2020-02-10T11:51:33.709Z", "modified_on": "2020-02-17T15:18:00.613Z", "name": "Finance", "colour": 4}}, {"model": "comments.category", "pk": 6, "fields": {"created_on": "2020-02-10T11:51:39.173Z", "modified_on": "2020-02-17T15:18:05.086Z", "name": "Grant agreement", "colour": 13}}, {"model": "comments.category", "pk": 7, "fields": {"created_on": "2020-02-10T11:51:43.667Z", "modified_on": "2020-02-17T15:18:23.741Z", "name": "Reports", "colour": 3}}, {"model": "comments.category", "pk": 8, "fields": {"created_on": "2020-02-10T11:51:49.552Z", "modified_on": "2020-02-17T15:18:09.733Z", "name": "Media", "colour": 5}}, {"model": "comments.category", "pk": 9, "fields": {"created_on": "2020-02-17T14:36:42.870Z", "modified_on": "2020-02-17T15:17:37.632Z", "name": "Deadline", "colour": 10}}, {"model": "comments.category", "pk": 10, "fields": {"created_on": "2020-02-17T14:36:57.700Z", "modified_on": "2020-02-17T15:18:18.976Z", "name": "Question", "colour": 8}}, {"model": "comments.category", "pk": 11, "fields": {"created_on": "2020-02-17T14:37:16.436Z", "modified_on": "2020-02-17T15:18:14.314Z", "name": "Outreach", "colour": 11}}, {"model": "comments.proposalcommentcategory", "pk": 2, "fields": {"created_on": "2020-02-10T11:52:12.564Z", "modified_on": "2020-02-10T11:52:12.564Z", "category": 1}}, {"model": "comments.proposalcommentcategory", "pk": 3, "fields": {"created_on": "2020-02-10T11:54:33.306Z", "modified_on": "2020-02-10T11:54:33.306Z", "category": 4}}, {"model": "comments.proposalcommentcategory", "pk": 4, "fields": {"created_on": "2020-02-10T11:54:39.033Z", "modified_on": "2020-02-10T11:54:39.033Z", "category": 5}}, {"model": "comments.proposalcommentcategory", "pk": 5, "fields": {"created_on": "2020-02-17T14:46:56.903Z", "modified_on": "2020-02-17T14:46:56.903Z", "category": 3}}, {"model": "comments.proposalcommentcategory", "pk": 6, "fields": {"created_on": "2020-02-17T14:50:15.744Z", "modified_on": "2020-02-17T14:50:15.744Z", "category": 2}}, {"model": "comments.proposalcomment", "pk": 1, "fields": {"created_on": "2020-02-10T11:56:14.124Z", "modified_on": "2020-02-10T11:56:14.124Z", "text": "good good", "proposal": 15, "category": 2, "created_by": 10}}, {"model": "comments.proposalcomment", "pk": 2, "fields": {"created_on": "2020-02-10T12:32:46.290Z", "modified_on": "2020-02-10T12:32:46.290Z", "text": "test", "proposal": 15, "category": 2, "created_by": 10}}, {"model": "comments.proposalcomment", "pk": 3, "fields": {"created_on": "2020-02-10T12:35:42.254Z", "modified_on": "2020-02-10T12:35:42.254Z", "text": "test", "proposal": 15, "category": 3, "created_by": 10}}, {"model": "comments.proposalcomment", "pk": 4, "fields": {"created_on": "2020-02-10T12:36:21.108Z", "modified_on": "2020-02-10T12:36:21.108Z", "text": "test 222", "proposal": 15, "category": 2, "created_by": 10}}, {"model": "comments.proposalcomment", "pk": 5, "fields": {"created_on": "2020-02-10T12:43:02.802Z", "modified_on": "2020-02-10T12:43:02.803Z", "text": "test", "proposal": 15, "category": 2, "created_by": 10}}, {"model": "comments.proposalcomment", "pk": 6, "fields": {"created_on": "2020-02-11T10:13:36.866Z", "modified_on": "2020-02-11T10:13:36.866Z", "text": "test", "proposal": 17, "category": 2, "created_by": 10}}, {"model": "comments.proposalcomment", "pk": 7, "fields": {"created_on": "2020-02-11T11:28:28.178Z", "modified_on": "2020-02-11T11:28:28.178Z", "text": "hola hola!", "proposal": 17, "category": 2, "created_by": 10}}, {"model": "comments.proposalcomment", "pk": 8, "fields": {"created_on": "2020-02-11T12:01:11.748Z", "modified_on": "2020-02-11T12:01:11.748Z", "text": "Hola\r\n\r\nCom va\r\n\r\nmolt b\u00e9!\r\n\r\nCarles", "proposal": 17, "category": 2, "created_by": 10}}, {"model": "comments.proposalcomment", "pk": 9, "fields": {"created_on": "2020-02-12T09:48:35.393Z", "modified_on": "2020-02-12T09:48:35.393Z", "text": "test", "proposal": 18, "category": 2, "created_by": 10}}, {"model": "comments.proposalcomment", "pk": 10, "fields": {"created_on": "2020-02-12T09:48:46.192Z", "modified_on": "2020-02-12T09:48:46.192Z", "text": "test222", "proposal": 18, "category": 3, "created_by": 10}}, {"model": "comments.proposalcomment", "pk": 11, "fields": {"created_on": "2020-02-12T10:13:06.462Z", "modified_on": "2020-02-12T10:13:06.462Z", "text": "test", "proposal": 17, "category": 2, "created_by": 10}}, {"model": "comments.proposalcomment", "pk": 12, "fields": {"created_on": "2020-02-12T10:17:03.846Z", "modified_on": "2020-02-12T10:17:03.846Z", "text": "test", "proposal": 17, "category": 2, "created_by": 10}}, {"model": "comments.proposalcomment", "pk": 13, "fields": {"created_on": "2020-02-12T10:17:37.643Z", "modified_on": "2020-02-12T10:17:37.643Z", "text": "test222222", "proposal": 17, "category": 3, "created_by": 10}}, {"model": "comments.proposalcomment", "pk": 14, "fields": {"created_on": "2020-02-12T10:25:32.460Z", "modified_on": "2020-02-12T10:25:32.460Z", "text": "98898", "proposal": 17, "category": 4, "created_by": 10}}, {"model": "comments.proposalcomment", "pk": 15, "fields": {"created_on": "2020-02-12T11:15:37.253Z", "modified_on": "2020-02-12T11:15:37.254Z", "text": "new letter!", "proposal": 17, "category": 2, "created_by": 10}}, {"model": "comments.proposalcomment", "pk": 16, "fields": {"created_on": "2020-02-12T11:16:11.165Z", "modified_on": "2020-02-12T11:16:11.165Z", "text": "testtest", "proposal": 17, "category": 2, "created_by": 10}}, {"model": "comments.proposalcomment", "pk": 17, "fields": {"created_on": "2020-02-12T11:57:29.863Z", "modified_on": "2020-02-12T11:57:29.863Z", "text": "lalala1111", "proposal": 17, "category": 3, "created_by": 10}}, {"model": "comments.proposalcomment", "pk": 18, "fields": {"created_on": "2020-03-04T13:40:51.259Z", "modified_on": "2020-03-04T13:40:51.259Z", "text": "test222", "proposal": 15, "category": 3, "created_by": 10}}, {"model": "comments.proposalcomment", "pk": 19, "fields": {"created_on": "2020-03-09T12:28:20.366Z", "modified_on": "2020-03-09T12:28:20.367Z", "text": "test", "proposal": 18, "category": 3, "created_by": 10}}, {"model": "comments.proposalcomment", "pk": 20, "fields": {"created_on": "2020-03-09T12:28:32.180Z", "modified_on": "2020-03-09T12:28:32.180Z", "text": "test 2020", "proposal": 18, "category": 2, "created_by": 10}}, {"model": "comments.proposalcomment", "pk": 21, "fields": {"created_on": "2020-03-09T13:09:35.267Z", "modified_on": "2020-03-09T13:09:35.267Z", "text": "test 1234", "proposal": 18, "category": 3, "created_by": 10}}, {"model": "comments.proposalattachmentcategory", "pk": 2, "fields": {"created_on": "2020-02-17T14:42:14.201Z", "modified_on": "2020-02-17T14:42:14.201Z", "category": 1}}, {"model": "comments.proposalattachmentcategory", "pk": 4, "fields": {"created_on": "2020-02-17T14:42:29.016Z", "modified_on": "2020-02-17T14:42:29.016Z", "category": 3}}, {"model": "comments.proposalattachment", "pk": 25, "fields": {"created_on": "2020-03-04T13:41:00.936Z", "modified_on": "2020-03-04T13:41:00.937Z", "text": "", "created_by": 10, "file": "attachments/proposals/15-caminada-garraf.gpx", "proposal": 15, "category": 2}}, {"model": "comments.callcommentcategory", "pk": 3, "fields": {"created_on": "2020-02-17T14:41:26.199Z", "modified_on": "2020-02-17T14:41:26.199Z", "category": 9}}, {"model": "comments.callcommentcategory", "pk": 4, "fields": {"created_on": "2020-02-17T14:41:29.188Z", "modified_on": "2020-02-17T14:41:29.189Z", "category": 10}}, {"model": "comments.callcomment", "pk": 6, "fields": {"created_on": "2020-03-17T12:13:01.272Z", "modified_on": "2020-03-17T12:13:01.272Z", "text": "test", "created_by": 10, "call": 7, "category": 3}}, {"model": "comments.callattachmentcategory", "pk": 1, "fields": {"created_on": "2020-02-11T12:59:29.060Z", "modified_on": "2020-02-11T12:59:29.060Z", "category": 3}}, {"model": "comments.callattachment", "pk": 1, "fields": {"created_on": "2020-02-11T14:42:59.631Z", "modified_on": "2020-02-11T14:42:59.631Z", "text": null, "created_by": 10, "file": "attachments/calls/7-date-in-microsoft-edge-02.png", "call": 7, "category": 1}}, {"model": "comments.callattachment", "pk": 2, "fields": {"created_on": "2020-02-12T11:15:13.637Z", "modified_on": "2020-02-12T11:15:13.638Z", "text": null, "created_by": 10, "file": "attachments/calls/7-cerrar_cuenta_carles_pina.pdf", "call": 7, "category": 1}}, {"model": "comments.callattachment", "pk": 3, "fields": {"created_on": "2020-02-12T11:19:01.023Z", "modified_on": "2020-02-12T11:19:01.023Z", "text": null, "created_by": 10, "file": "attachments/calls/7-.email-number.txt", "call": 7, "category": 1}}, {"model": "comments.callattachment", "pk": 4, "fields": {"created_on": "2020-02-12T11:22:58.606Z", "modified_on": "2020-02-12T11:22:58.606Z", "text": null, "created_by": 10, "file": "attachments/calls/7-.email-number_ZRZdXTb.txt", "call": 7, "category": 1}}, {"model": "comments.callattachment", "pk": 5, "fields": {"created_on": "2020-02-12T11:24:13.431Z", "modified_on": "2020-02-12T11:24:13.431Z", "text": null, "created_by": 10, "file": "attachments/calls/7-.email-number_l80marm.txt", "call": 7, "category": 1}}, {"model": "comments.callattachment", "pk": 6, "fields": {"created_on": "2020-02-12T11:24:33.135Z", "modified_on": "2020-02-12T11:24:33.135Z", "text": null, "created_by": 10, "file": "attachments/calls/7-vmware-web.png", "call": 7, "category": 1}}, {"model": "comments.callattachment", "pk": 7, "fields": {"created_on": "2020-02-12T11:26:19.404Z", "modified_on": "2020-02-12T11:26:19.404Z", "text": null, "created_by": 10, "file": "attachments/calls/7-copy-with-path-03.png", "call": 7, "category": 1}}, {"model": "comments.callattachment", "pk": 8, "fields": {"created_on": "2020-02-12T11:44:09.368Z", "modified_on": "2020-02-12T11:44:09.368Z", "text": null, "created_by": 10, "file": "attachments/calls/2-.data_backup.txt", "call": 2, "category": 1}}, {"model": "comments.callattachment", "pk": 9, "fields": {"created_on": "2020-02-14T11:53:52.471Z", "modified_on": "2020-02-28T16:00:50.607Z", "text": "Some evaluation flying certificate.pdf", "created_by": 10, "file": "attachments/calls/.signature", "call": 7, "category": 1}}, {"model": "comments.callattachment", "pk": 10, "fields": {"created_on": "2020-03-17T12:13:13.989Z", "modified_on": "2020-03-17T12:13:13.989Z", "text": "test", "created_by": 10, "file": "attachments/calls/7-debian_girl.png", "call": 7, "category": 1}}, {"model": "comments.proposalevaluationcommentcategory", "pk": 1, "fields": {"created_on": "2020-03-04T13:10:28.738Z", "modified_on": "2020-03-04T13:10:28.738Z", "category": 3}}, {"model": "comments.proposalevaluationattachmentcategory", "pk": 1, "fields": {"created_on": "2020-03-04T13:10:37.855Z", "modified_on": "2020-03-04T13:10:37.855Z", "category": 3}}, {"model": "comments.callevaluationcommentcategory", "pk": 1, "fields": {"created_on": "2020-03-04T15:06:44.861Z", "modified_on": "2020-03-04T15:06:44.861Z", "category": 5}}, {"model": "colours.colour", "pk": 7, "fields": {"created_on": "2020-02-27T14:18:50.196Z", "modified_on": "2020-02-27T14:18:50.207Z", "name": "Turquoise light", "hex_code": "#e2f6f2"}}, {"model": "colours.colour", "pk": 8, "fields": {"created_on": "2020-02-27T14:18:50.196Z", "modified_on": "2020-02-27T14:18:50.207Z", "name": "Emerald light", "hex_code": "#e4f8ed"}}, {"model": "colours.colour", "pk": 9, "fields": {"created_on": "2020-02-27T14:18:50.196Z", "modified_on": "2020-02-27T14:18:50.207Z", "name": "Peter River light", "hex_code": "#e5f2fa"}}, {"model": "colours.colour", "pk": 10, "fields": {"created_on": "2020-02-27T14:18:50.196Z", "modified_on": "2020-02-27T14:18:50.207Z", "name": "Amethyst light", "hex_code": "#f2eaf5"}}, {"model": "colours.colour", "pk": 11, "fields": {"created_on": "2020-02-27T14:18:50.196Z", "modified_on": "2020-02-27T14:18:50.207Z", "name": "Wet Asphalt light", "hex_code": "#e5e8ea"}}, {"model": "colours.colour", "pk": 12, "fields": {"created_on": "2020-02-27T14:18:50.196Z", "modified_on": "2020-02-27T14:18:50.207Z", "name": "Sun Flower light", "hex_code": "#fdf7e1"}}, {"model": "colours.colour", "pk": 13, "fields": {"created_on": "2020-02-27T14:18:50.196Z", "modified_on": "2020-02-27T14:18:50.207Z", "name": "Carrot light", "hex_code": "#fbeee3"}}, {"model": "colours.colour", "pk": 14, "fields": {"created_on": "2020-02-27T14:18:50.196Z", "modified_on": "2020-02-27T14:18:50.207Z", "name": "Alizarin light", "hex_code": "#fce8e6"}}, {"model": "colours.colour", "pk": 15, "fields": {"created_on": "2020-02-27T14:18:50.196Z", "modified_on": "2020-02-27T14:18:50.207Z", "name": "Silver light", "hex_code": "#f6f7f8"}}, {"model": "colours.colour", "pk": 16, "fields": {"created_on": "2020-02-27T14:18:50.196Z", "modified_on": "2020-02-27T14:18:50.207Z", "name": "Asbestos light", "hex_code": "#eff0f0"}}, {"model": "colours.colour", "pk": 17, "fields": {"created_on": "2020-02-27T14:18:50.196Z", "modified_on": "2020-02-27T14:18:50.207Z", "name": "Lime light", "hex_code": "#fafcf5"}}, {"model": "colours.colour", "pk": 18, "fields": {"created_on": "2020-02-27T14:18:50.196Z", "modified_on": "2020-02-27T14:18:50.207Z", "name": "Earth light", "hex_code": "#fcfbfa"}}, {"model": "colours.colour", "pk": 19, "fields": {"created_on": "2020-02-27T14:18:50.196Z", "modified_on": "2020-02-27T14:18:50.207Z", "name": "Turquoise", "hex_code": "#1abc9c"}}, {"model": "colours.colour", "pk": 20, "fields": {"created_on": "2020-02-27T14:18:50.196Z", "modified_on": "2020-02-27T14:18:50.207Z", "name": "Emerald", "hex_code": "#2ecc71"}}, {"model": "colours.colour", "pk": 21, "fields": {"created_on": "2020-02-27T14:18:50.196Z", "modified_on": "2020-02-27T14:18:50.207Z", "name": "Peter River", "hex_code": "#3498db"}}, {"model": "colours.colour", "pk": 22, "fields": {"created_on": "2020-02-27T14:18:50.196Z", "modified_on": "2020-02-27T14:18:50.207Z", "name": "Amethyst", "hex_code": "#9b59b6"}}, {"model": "colours.colour", "pk": 23, "fields": {"created_on": "2020-02-27T14:18:50.196Z", "modified_on": "2020-02-27T14:18:50.207Z", "name": "Wet asphalt", "hex_code": "#34495e"}}, {"model": "colours.colour", "pk": 24, "fields": {"created_on": "2020-02-27T14:18:50.196Z", "modified_on": "2020-02-27T14:18:50.207Z", "name": "Sun Flower", "hex_code": "#f1c40f"}}, {"model": "colours.colour", "pk": 25, "fields": {"created_on": "2020-02-27T14:18:50.196Z", "modified_on": "2020-02-27T14:18:50.207Z", "name": "Carrot", "hex_code": "#e67e22"}}, {"model": "colours.colour", "pk": 26, "fields": {"created_on": "2020-02-27T14:18:50.196Z", "modified_on": "2020-02-27T14:18:50.207Z", "name": "Alizarin", "hex_code": "#e74c3c"}}, {"model": "colours.colour", "pk": 27, "fields": {"created_on": "2020-02-27T14:18:50.196Z", "modified_on": "2020-02-27T14:18:50.207Z", "name": "Silver", "hex_code": "#bdc3c7"}}, {"model": "colours.colour", "pk": 28, "fields": {"created_on": "2020-02-27T14:18:50.196Z", "modified_on": "2020-02-27T14:18:50.207Z", "name": "Asbestos", "hex_code": "#7f8c8d"}}, {"model": "colours.colour", "pk": 29, "fields": {"created_on": "2020-02-27T14:18:50.196Z", "modified_on": "2020-02-27T14:18:50.207Z", "name": "Lime", "hex_code": "#a2c523"}}, {"model": "colours.colour", "pk": 30, "fields": {"created_on": "2020-02-27T14:18:50.196Z", "modified_on": "2020-02-27T14:18:50.207Z", "name": "Earth", "hex_code": "#7d4427"}}, {"model": "colours.colourpair", "pk": 3, "fields": {"created_on": "2020-02-27T14:18:50.221Z", "modified_on": "2020-02-27T14:18:50.232Z", "description": "Turquoise with light font", "background": 19, "text": 7}}, {"model": "colours.colourpair", "pk": 4, "fields": {"created_on": "2020-02-27T14:18:50.221Z", "modified_on": "2020-02-27T14:18:50.232Z", "description": "Emerald with light font", "background": 20, "text": 8}}, {"model": "colours.colourpair", "pk": 5, "fields": {"created_on": "2020-02-27T14:18:50.221Z", "modified_on": "2020-02-27T14:18:50.232Z", "description": "Peter river with light font", "background": 21, "text": 9}}, {"model": "colours.colourpair", "pk": 6, "fields": {"created_on": "2020-02-27T14:18:50.221Z", "modified_on": "2020-02-27T14:18:50.232Z", "description": "Amethyst with light font", "background": 22, "text": 10}}, {"model": "colours.colourpair", "pk": 7, "fields": {"created_on": "2020-02-27T14:18:50.221Z", "modified_on": "2020-02-27T14:18:50.232Z", "description": "Wet asphalt with light font", "background": 23, "text": 11}}, {"model": "colours.colourpair", "pk": 8, "fields": {"created_on": "2020-02-27T14:18:50.221Z", "modified_on": "2020-02-27T14:18:50.232Z", "description": "Sunflower with light font", "background": 24, "text": 12}}, {"model": "colours.colourpair", "pk": 9, "fields": {"created_on": "2020-02-27T14:18:50.221Z", "modified_on": "2020-02-27T14:18:50.232Z", "description": "Carrot with light font", "background": 25, "text": 13}}, {"model": "colours.colourpair", "pk": 10, "fields": {"created_on": "2020-02-27T14:18:50.221Z", "modified_on": "2020-02-27T14:18:50.232Z", "description": "Alizarin with light font2", "background": 26, "text": 14}}, {"model": "colours.colourpair", "pk": 11, "fields": {"created_on": "2020-02-27T14:18:50.221Z", "modified_on": "2020-02-27T14:18:50.232Z", "description": "Silver with light font", "background": 27, "text": 15}}, {"model": "colours.colourpair", "pk": 12, "fields": {"created_on": "2020-02-27T14:18:50.221Z", "modified_on": "2020-02-27T14:18:50.232Z", "description": "Asbestos with light font", "background": 28, "text": 16}}, {"model": "colours.colourpair", "pk": 13, "fields": {"created_on": "2020-02-27T14:18:50.221Z", "modified_on": "2020-02-27T14:18:50.232Z", "description": "Lime with light font", "background": 29, "text": 17}}, {"model": "colours.colourpair", "pk": 14, "fields": {"created_on": "2020-02-27T14:18:50.221Z", "modified_on": "2020-02-27T14:18:50.232Z", "description": "Earth with light font", "background": 30, "text": 18}}]